{"stat":"ok"
,"_content":{"rules":{"tselect":"1"
		,"pretransfer":"1"
		,"dfdie":"1"
		,"afdie":"4"
		,"allowabandon":"0"
		,"cardscale":"4,6,8,10,4,6,8,10,4,6,8,10,4,6,8,10,4,6,8,10,4,6,8,10,4"
		,"numreserves":"0"
		,"returntoattack":"0"
		,"keeppossessionexpire":"0"
		,"maxpercountry":"65535"
		,"keeppossession":"0"
		,"fog":"0"
		,"baoplay":"0"
		,"teamgame":"0"
		,"teamtransfer":"0"
		,"continuousattack":"1"
		,"numpercountry":"65535"
		,"numattacks":"-1"
		,"nextcardsworth":"8,10,4,6,8,10,4,6,8,10,4,6,8,10,4,6,8,10,4,6,8,10,4,6,8"
		,"boottime":"604800"
		,"hascards":"1"
		,"teamplaceunits":"0"
		,"adie":"6"
		,"ddie":"6"
		,"numtransfers":"1"
		,"uplace":"2"
		,"cardsetstraded":"6"
		,"returntoplace":"0"
		}
	,"map":{"logourl":"abwrlogo.png"
		,"circlemode":"0"
		,"width":"497"
		,"fillmode":"1"
		,"legendy":"243"
		,"legendx":"146"
		,"fillednumbers":"0"
		,"logox":"1"
		,"logoy":"286"
		,"numterritories":"42"
		,"_content":{"color":[{"blue":"0","green":"0","id":"1","red":"238","name":"Red"}
				,{"blue":"180","green":"130","id":"2","red":"70","name":"Blue"}
				,{"blue":"35","green":"142","id":"3","red":"107","name":"Pine"}
				,{"blue":"0","green":"238","id":"4","red":"238","name":"Yellow"}
				,{"blue":"205","green":"38","id":"5","red":"125","name":"Purple"}
				,{"blue":"0","green":"118","id":"6","red":"238","name":"Orange"}
				,{"blue":"42","green":"42","id":"7","red":"165","name":"Brown"}
				,{"blue":"144","green":"128","id":"8","red":"112","name":"Grey"}
				,{"blue":"147","green":"20","id":"9","red":"255","name":"Pink"}
				,{"blue":"255","green":"255","id":"10","red":"0","name":"Cyan"}
				,{"blue":"64","green":"255","id":"11","red":"0","name":"Lime"}
				,{"blue":"255","green":"128","id":"12","red":"128","name":"Lavender"}
				,{"blue":"185","green":"25","id":"13","red":"25","name":"Navy"}
				,{"blue":"0","green":"128","id":"14","red":"0","name":"Green"}
				,{"blue":"128","green":"128","id":"15","red":"64","name":"Turquoise"}
				,{"blue":"0","green":"198","id":"16","red":"198","name":"Tan"}
				]
			,"territory":[{"name":"Alaska","maxunits":"65535","y":"37","x":"53","textx":"-18","texty":"-18","id":"1"}
				,{"name":"Northwest Territory","maxunits":"65535","y":"37","x":"92","textx":"-55","texty":"6","id":"2"}
				,{"name":"Greenland","maxunits":"65535","y":"37","x":"131","textx":"-33","texty":"-18","id":"3"}
				,{"name":"Alberta","maxunits":"65535","y":"75","x":"66","textx":"-12","texty":"-17","id":"4"}
				,{"name":"Ontario","maxunits":"65535","y":"75","x":"100","textx":"-16","texty":"3","id":"5"}
				,{"name":"Quebec","maxunits":"65535","y":"75","x":"133","textx":"-22","texty":"-17","id":"6"}
				,{"name":"Western States","maxunits":"65535","y":"108","x":"79","textx":"-22","texty":"-16","id":"7"}
				,{"name":"Eastern States","maxunits":"65535","y":"108","x":"120","textx":"-28","texty":"4","id":"8"}
				,{"name":"Central America","maxunits":"65535","y":"142","x":"97","textx":"-22","texty":"2","id":"9"}
				,{"name":"Venezuela","maxunits":"65535","y":"178","x":"105","textx":"-25","texty":"2","id":"10"}
				,{"name":"Peru","maxunits":"65535","y":"212","x":"84","textx":"-10","texty":"4","id":"11"}
				,{"name":"Brazil","maxunits":"65535","y":"212","x":"127","textx":"-15","texty":"4","id":"12"}
				,{"name":"Argentina","maxunits":"65535","y":"247","x":"101","textx":"-20","texty":"3","id":"13"}
				,{"name":"Iceland","maxunits":"65535","y":"51","x":"206","textx":"-20","texty":"-17","id":"14"}
				,{"name":"Great Britain","maxunits":"65535","y":"89","x":"206","textx":"-55","texty":"-18","id":"15"}
				,{"name":"Western Europe","maxunits":"65535","y":"121","x":"206","textx":"-62","texty":"3","id":"16"}
				,{"name":"Scandinavia","maxunits":"65535","y":"66","x":"246","textx":"-15","texty":"-19","id":"17"}
				,{"name":"Northern Europe","maxunits":"65535","y":"100","x":"246","textx":"-15","texty":"0","id":"18"}
				,{"name":"Southern Europe","maxunits":"65535","y":"128","x":"247","textx":"-38","texty":"-16","id":"19"}
				,{"name":"North Africa","maxunits":"65535","y":"165","x":"229","textx":"-50","texty":"-26","id":"20"}
				,{"name":"Egypt","maxunits":"65535","y":"153","x":"253","textx":"-9","texty":"1","id":"21"}
				,{"name":"East Africa","maxunits":"65535","y":"179","x":"265","textx":"8","texty":"-7","id":"22"}
				,{"name":"Madagascar","maxunits":"65535","y":"207","x":"295","textx":"-9","texty":"-18","id":"23"}
				,{"name":"South Africa","maxunits":"65535","y":"207","x":"271","textx":"-36","texty":"4","id":"24"}
				,{"name":"Congo","maxunits":"65535","y":"207","x":"242","textx":"-12","texty":"-18","id":"25"}
				,{"name":"Ukraine","maxunits":"65535","y":"97","x":"282","textx":"-27","texty":"-25","id":"26"}
				,{"name":"Middle East","maxunits":"65535","y":"147","x":"282","textx":"-12","texty":"-18","id":"27"}
				,{"name":"Ural","maxunits":"65535","y":"90","x":"318","textx":"-11","texty":"-17","id":"28"}
				,{"name":"Afghanistan","maxunits":"65535","y":"126","x":"318","textx":"-13","texty":"-18","id":"29"}
				,{"name":"India","maxunits":"65535","y":"154","x":"318","textx":"-14","texty":"0","id":"30"}
				,{"name":"Siberia","maxunits":"65535","y":"78","x":"356","textx":"-15","texty":"-23","id":"31"}
				,{"name":"China","maxunits":"65535","y":"125","x":"356","textx":"-12","texty":"4","id":"32"}
				,{"name":"Yakutsk","maxunits":"65535","y":"54","x":"396","textx":"-18","texty":"-17","id":"33"}
				,{"name":"Irkutsk","maxunits":"65535","y":"74","x":"396","textx":"-19","texty":"0","id":"34"}
				,{"name":"Mongolia","maxunits":"65535","y":"104","x":"396","textx":"-17","texty":"3","id":"35"}
				,{"name":"Siam","maxunits":"65535","y":"172","x":"384","textx":"-12","texty":"-17","id":"36"}
				,{"name":"Indonesia","maxunits":"65535","y":"203","x":"397","textx":"-21","texty":"-16","id":"37"}
				,{"name":"Western Australia","maxunits":"65535","y":"232","x":"403","textx":"-15","texty":"-16","id":"38"}
				,{"name":"Kamchatka","maxunits":"65535","y":"72","x":"437","textx":"-15","texty":"-21","id":"39"}
				,{"name":"Japan","maxunits":"65535","y":"112","x":"437","textx":"-14","texty":"3","id":"40"}
				,{"name":"New Guinea","maxunits":"65535","y":"213","x":"438","textx":"-12","texty":"-17","id":"41"}
				,{"name":"Eastern Australia","maxunits":"65535","y":"246","x":"438","textx":"-44","texty":"15","id":"42"}
				]
			}
		,"dispcnames":"0"
		,"height":"309"
		}
	,"board":{"boardid":"1000"
		,"width":"497"
		,"_content":{"border":[{"a":"1","b":"2"}
				,{"a":"1","b":"4"}
				,{"a":"1","b":"39"}
				,{"a":"2","b":"1"}
				,{"a":"2","b":"3"}
				,{"a":"2","b":"4"}
				,{"a":"2","b":"5"}
				,{"a":"3","b":"2"}
				,{"a":"3","b":"5"}
				,{"a":"3","b":"6"}
				,{"a":"3","b":"14"}
				,{"a":"4","b":"1"}
				,{"a":"4","b":"2"}
				,{"a":"4","b":"5"}
				,{"a":"4","b":"7"}
				,{"a":"5","b":"2"}
				,{"a":"5","b":"3"}
				,{"a":"5","b":"4"}
				,{"a":"5","b":"6"}
				,{"a":"5","b":"7"}
				,{"a":"5","b":"8"}
				,{"a":"6","b":"3"}
				,{"a":"6","b":"5"}
				,{"a":"6","b":"8"}
				,{"a":"7","b":"4"}
				,{"a":"7","b":"5"}
				,{"a":"7","b":"8"}
				,{"a":"7","b":"9"}
				,{"a":"8","b":"5"}
				,{"a":"8","b":"6"}
				,{"a":"8","b":"7"}
				,{"a":"8","b":"9"}
				,{"a":"9","b":"7"}
				,{"a":"9","b":"8"}
				,{"a":"9","b":"10"}
				,{"a":"10","b":"9"}
				,{"a":"10","b":"11"}
				,{"a":"10","b":"12"}
				,{"a":"11","b":"10"}
				,{"a":"11","b":"12"}
				,{"a":"11","b":"13"}
				,{"a":"12","b":"10"}
				,{"a":"12","b":"11"}
				,{"a":"12","b":"13"}
				,{"a":"12","b":"20"}
				,{"a":"13","b":"11"}
				,{"a":"13","b":"12"}
				,{"a":"14","b":"3"}
				,{"a":"14","b":"15"}
				,{"a":"14","b":"17"}
				,{"a":"15","b":"14"}
				,{"a":"15","b":"16"}
				,{"a":"15","b":"17"}
				,{"a":"15","b":"18"}
				,{"a":"16","b":"15"}
				,{"a":"16","b":"18"}
				,{"a":"16","b":"19"}
				,{"a":"16","b":"20"}
				,{"a":"17","b":"14"}
				,{"a":"17","b":"15"}
				,{"a":"17","b":"18"}
				,{"a":"17","b":"26"}
				,{"a":"18","b":"15"}
				,{"a":"18","b":"16"}
				,{"a":"18","b":"17"}
				,{"a":"18","b":"19"}
				,{"a":"18","b":"26"}
				,{"a":"19","b":"16"}
				,{"a":"19","b":"18"}
				,{"a":"19","b":"20"}
				,{"a":"19","b":"21"}
				,{"a":"19","b":"26"}
				,{"a":"19","b":"27"}
				,{"a":"20","b":"12"}
				,{"a":"20","b":"16"}
				,{"a":"20","b":"19"}
				,{"a":"20","b":"21"}
				,{"a":"20","b":"22"}
				,{"a":"20","b":"25"}
				,{"a":"21","b":"19"}
				,{"a":"21","b":"20"}
				,{"a":"21","b":"22"}
				,{"a":"21","b":"27"}
				,{"a":"22","b":"20"}
				,{"a":"22","b":"21"}
				,{"a":"22","b":"23"}
				,{"a":"22","b":"24"}
				,{"a":"22","b":"25"}
				,{"a":"22","b":"27"}
				,{"a":"23","b":"22"}
				,{"a":"23","b":"24"}
				,{"a":"24","b":"22"}
				,{"a":"24","b":"23"}
				,{"a":"24","b":"25"}
				,{"a":"25","b":"20"}
				,{"a":"25","b":"22"}
				,{"a":"25","b":"24"}
				,{"a":"26","b":"17"}
				,{"a":"26","b":"18"}
				,{"a":"26","b":"19"}
				,{"a":"26","b":"27"}
				,{"a":"26","b":"28"}
				,{"a":"26","b":"29"}
				,{"a":"27","b":"19"}
				,{"a":"27","b":"21"}
				,{"a":"27","b":"22"}
				,{"a":"27","b":"26"}
				,{"a":"27","b":"29"}
				,{"a":"27","b":"30"}
				,{"a":"28","b":"26"}
				,{"a":"28","b":"29"}
				,{"a":"28","b":"31"}
				,{"a":"28","b":"32"}
				,{"a":"29","b":"26"}
				,{"a":"29","b":"27"}
				,{"a":"29","b":"28"}
				,{"a":"29","b":"30"}
				,{"a":"29","b":"32"}
				,{"a":"30","b":"27"}
				,{"a":"30","b":"29"}
				,{"a":"30","b":"32"}
				,{"a":"31","b":"28"}
				,{"a":"31","b":"32"}
				,{"a":"31","b":"33"}
				,{"a":"31","b":"34"}
				,{"a":"31","b":"35"}
				,{"a":"32","b":"28"}
				,{"a":"32","b":"29"}
				,{"a":"32","b":"30"}
				,{"a":"32","b":"31"}
				,{"a":"32","b":"35"}
				,{"a":"32","b":"36"}
				,{"a":"33","b":"31"}
				,{"a":"33","b":"34"}
				,{"a":"33","b":"39"}
				,{"a":"34","b":"31"}
				,{"a":"34","b":"33"}
				,{"a":"34","b":"35"}
				,{"a":"34","b":"39"}
				,{"a":"35","b":"31"}
				,{"a":"35","b":"32"}
				,{"a":"35","b":"34"}
				,{"a":"35","b":"39"}
				,{"a":"35","b":"40"}
				,{"a":"36","b":"32"}
				,{"a":"36","b":"37"}
				,{"a":"37","b":"36"}
				,{"a":"37","b":"38"}
				,{"a":"37","b":"41"}
				,{"a":"38","b":"37"}
				,{"a":"38","b":"41"}
				,{"a":"38","b":"42"}
				,{"a":"39","b":"1"}
				,{"a":"39","b":"33"}
				,{"a":"39","b":"34"}
				,{"a":"39","b":"35"}
				,{"a":"39","b":"40"}
				,{"a":"40","b":"35"}
				,{"a":"40","b":"39"}
				,{"a":"41","b":"37"}
				,{"a":"41","b":"38"}
				,{"a":"41","b":"42"}
				,{"a":"42","b":"38"}
				,{"a":"42","b":"41"}
				]
			}
		,"height":"309"
		}
	,"continents":{"numcontinents":"6"
		,"_content":{"continent":[{"units":"5","cids":"9,8,7,4,5,6,3,2,1","id":"1","name":"North America"}
				,{"units":"2","cids":"12,13,11,10","id":"2","name":"South America"}
				,{"units":"5","cids":"17,18,19,16,15,14,26","id":"3","name":"Europe"}
				,{"units":"3","cids":"20,21,22,25,24,23","id":"4","name":"Africa"}
				,{"units":"7","cids":"27,30,29,28,31,32,35,34,33,39,40,36","id":"5","name":"Asia"}
				,{"units":"2","cids":"37,38,42,41","id":"6","name":"Australia"}
				]
			}
		}
	}
}