{"stat":"ok"
,"_content":{"movelog":{"total":"456"
		,"_content":{"m":[{"a":"n","s":"0","logver":"3","id":"0","t":"1232121066"}
				,{"a":"j","s":"0","id":"1","t":"1232121066"}
				,{"a":"j","s":"2","id":"2","t":"1232121121"}
				,{"a":"j","s":"1","id":"3","t":"1232121228"}
				,{"a":"o","s":"0","id":"4","t":"1232121228"}
				,{"a":"o","s":"1","id":"5","t":"1232121228"}
				,{"a":"o","s":"2","id":"6","t":"1232121228"}
				,{"a":"s","id":"7","t":"1232121228"}
				,{"a":"y","cid":"3","s":"-1","num":"3","t":"1232121228","id":"8"}
				,{"a":"y","cid":"26","s":"-1","num":"3","t":"1232121228","id":"9"}
				,{"a":"y","cid":"8","s":"-1","num":"3","t":"1232121228","id":"10"}
				,{"a":"y","cid":"23","s":"-1","num":"3","t":"1232121228","id":"11"}
				,{"a":"y","cid":"33","s":"-1","num":"3","t":"1232121228","id":"12"}
				,{"a":"y","cid":"4","s":"-1","num":"3","t":"1232121228","id":"13"}
				,{"a":"y","cid":"1","s":"-1","num":"3","t":"1232121228","id":"14"}
				,{"a":"y","cid":"41","s":"-1","num":"3","t":"1232121228","id":"15"}
				,{"a":"y","cid":"37","s":"-1","num":"3","t":"1232121228","id":"16"}
				,{"a":"y","cid":"18","s":"-1","num":"3","t":"1232121228","id":"17"}
				,{"a":"y","cid":"35","s":"-1","num":"3","t":"1232121228","id":"18"}
				,{"a":"y","cid":"24","s":"-1","num":"3","t":"1232121228","id":"19"}
				,{"a":"z","s":"0","num":"30","id":"20","t":"1232121228"}
				,{"a":"z","s":"1","num":"30","id":"21","t":"1232121228"}
				,{"a":"z","s":"2","num":"30","id":"22","t":"1232121228"}
				,{"a":"t","s":"0","cid":"11","id":"23","t":"1232121228"}
				,{"a":"t","s":"1","cid":"12","id":"24","t":"1232121228"}
				,{"a":"t","s":"2","cid":"21","id":"25","t":"1232121228"}
				,{"a":"t","s":"0","cid":"42","id":"26","t":"1232121228"}
				,{"a":"t","s":"1","cid":"19","id":"27","t":"1232121228"}
				,{"a":"t","s":"2","cid":"7","id":"28","t":"1232121228"}
				,{"a":"t","s":"0","cid":"38","id":"29","t":"1232121228"}
				,{"a":"t","s":"1","cid":"25","id":"30","t":"1232121228"}
				,{"a":"t","s":"2","cid":"36","id":"31","t":"1232121228"}
				,{"a":"t","s":"0","cid":"27","id":"32","t":"1232121228"}
				,{"a":"t","s":"1","cid":"17","id":"33","t":"1232121228"}
				,{"a":"t","s":"2","cid":"9","id":"34","t":"1232121228"}
				,{"a":"t","s":"0","cid":"15","id":"35","t":"1232121228"}
				,{"a":"t","s":"1","cid":"13","id":"36","t":"1232121228"}
				,{"a":"t","s":"2","cid":"5","id":"37","t":"1232121228"}
				,{"a":"t","s":"0","cid":"6","id":"38","t":"1232121228"}
				,{"a":"t","s":"1","cid":"2","id":"39","t":"1232121228"}
				,{"a":"t","s":"2","cid":"40","id":"40","t":"1232121228"}
				,{"a":"t","s":"0","cid":"10","id":"41","t":"1232121228"}
				,{"a":"t","s":"1","cid":"30","id":"42","t":"1232121228"}
				,{"a":"t","s":"2","cid":"32","id":"43","t":"1232121228"}
				,{"a":"t","s":"0","cid":"22","id":"44","t":"1232121228"}
				,{"a":"t","s":"1","cid":"16","id":"45","t":"1232121228"}
				,{"a":"t","s":"2","cid":"31","id":"46","t":"1232121228"}
				,{"a":"t","s":"0","cid":"14","id":"47","t":"1232121228"}
				,{"a":"t","s":"1","cid":"29","id":"48","t":"1232121228"}
				,{"a":"t","s":"2","cid":"34","id":"49","t":"1232121228"}
				,{"a":"t","s":"0","cid":"39","id":"50","t":"1232121228"}
				,{"a":"t","s":"1","cid":"28","id":"51","t":"1232121228"}
				,{"a":"t","s":"2","cid":"20","id":"52","t":"1232121228"}
				,{"a":"p","cid":"27","s":"0","num":"5","t":"1232122286","id":"53"}
				,{"a":"p","cid":"11","s":"0","num":"5","t":"1232122286","id":"54"}
				,{"a":"p","cid":"6","s":"0","num":"5","t":"1232122286","id":"55"}
				,{"a":"p","cid":"39","s":"0","num":"5","t":"1232122286","id":"56"}
				,{"a":"p","cid":"2","s":"1","num":"1","t":"1232122286","id":"57"}
				,{"a":"p","cid":"12","s":"1","num":"4","t":"1232122286","id":"58"}
				,{"a":"p","cid":"13","s":"1","num":"1","t":"1232122286","id":"59"}
				,{"a":"p","cid":"16","s":"1","num":"2","t":"1232122286","id":"60"}
				,{"a":"p","cid":"17","s":"1","num":"4","t":"1232122286","id":"61"}
				,{"a":"p","cid":"19","s":"1","num":"4","t":"1232122286","id":"62"}
				,{"a":"p","cid":"25","s":"1","num":"1","t":"1232122286","id":"63"}
				,{"a":"p","cid":"28","s":"1","num":"1","t":"1232122286","id":"64"}
				,{"a":"p","cid":"29","s":"1","num":"1","t":"1232122286","id":"65"}
				,{"a":"p","cid":"30","s":"1","num":"1","t":"1232122286","id":"66"}
				,{"a":"p","cid":"32","s":"2","num":"4","t":"1232122286","id":"67"}
				,{"a":"p","cid":"36","s":"2","num":"3","t":"1232122286","id":"68"}
				,{"a":"p","cid":"5","s":"2","num":"3","t":"1232122286","id":"69"}
				,{"a":"p","cid":"7","s":"2","num":"3","t":"1232122286","id":"70"}
				,{"a":"p","cid":"9","s":"2","num":"3","t":"1232122286","id":"71"}
				,{"a":"p","cid":"31","s":"2","num":"4","t":"1232122286","id":"72"}
				,{"a":"z","s":"0","num":"3","id":"73","t":"1232122286"}
				,{"a":"p","cid":"39","s":"0","num":"3","t":"1232126102","id":"74"}
				,{"id":"75","m":"","al":"1","a":"a","dl":"0","fcid":"39","dd":"6","ad":"6,2,1","s":"0","t":"1232126106","ds":"2","tcid":"40"}
				,{"id":"76","m":"","al":"1","a":"a","dl":"0","fcid":"39","dd":"6","ad":"5,4,3","s":"0","t":"1232126106","ds":"2","tcid":"40"}
				,{"id":"77","m":"","al":"0","a":"a","dl":"1","fcid":"39","dd":"5","ad":"6,6,1","s":"0","t":"1232126106","ds":"2","tcid":"40"}
				,{"a":"c","cid":"40","ds":"2","s":"0","t":"1232126106","id":"78"}
				,{"id":"79","m":"","al":"1","a":"a","dl":"0","fcid":"39","dd":"4","ad":"4,4,1","s":"0","t":"1232126110","ds":"2","tcid":"34"}
				,{"id":"80","m":"","al":"0","a":"a","dl":"1","fcid":"27","dd":"1","ad":"5,4,2","s":"0","t":"1232126124","ds":"2","tcid":"21"}
				,{"a":"c","cid":"21","ds":"2","s":"0","t":"1232126124","id":"81"}
				,{"a":"f","fcid":"27","s":"0","num":"2","t":"1232126126","tcid":"21","id":"82"}
				,{"id":"83","m":"","al":"1","a":"a","dl":"0","fcid":"21","dd":"6","ad":"5,4,4","s":"0","t":"1232126129","ds":"2","tcid":"20"}
				,{"id":"84","m":"","al":"0","a":"a","dl":"1","fcid":"21","dd":"4","ad":"5,3,2","s":"0","t":"1232126131","ds":"2","tcid":"20"}
				,{"a":"c","cid":"20","ds":"2","s":"0","t":"1232126131","id":"85"}
				,{"a":"f","fcid":"40","s":"0","num":"2","t":"1232126137","tcid":"39","id":"86"}
				,{"a":"g","clist":"2","s":"0","id":"87","t":"1232126137"}
				,{"a":"z","s":"1","num":"3","id":"88","t":"1232126137"}
				,{"a":"p","cid":"12","s":"1","num":"3","t":"1232127715","id":"89"}
				,{"id":"90","m":"","al":"1","a":"a","dl":"0","fcid":"17","dd":"6","ad":"6,5,3","s":"1","t":"1232127738","ds":"0","tcid":"15"}
				,{"id":"91","m":"","al":"0","a":"a","dl":"1","fcid":"17","dd":"1","ad":"6,4,4","s":"1","t":"1232127746","ds":"0","tcid":"15"}
				,{"a":"c","cid":"15","ds":"0","s":"1","t":"1232127746","id":"92"}
				,{"id":"93","m":"","al":"0","a":"a","dl":"2","fcid":"12","dd":"5,4","ad":"6,6,4","s":"1","t":"1232127765","ds":"0","tcid":"11"}
				,{"id":"94","m":"","al":"1","a":"a","dl":"1","fcid":"12","dd":"4,3","ad":"5,3,1","s":"1","t":"1232127768","ds":"0","tcid":"11"}
				,{"id":"95","m":"","al":"1","a":"a","dl":"1","fcid":"12","dd":"4,1","ad":"5,1,1","s":"1","t":"1232127770","ds":"0","tcid":"11"}
				,{"id":"96","m":"","al":"2","a":"a","dl":"0","fcid":"12","dd":"3,2","ad":"3,1,1","s":"1","t":"1232127773","ds":"0","tcid":"11"}
				,{"id":"97","m":"","al":"0","a":"a","dl":"2","fcid":"12","dd":"4,2","ad":"5,5,3","s":"1","t":"1232127778","ds":"0","tcid":"11"}
				,{"a":"c","cid":"11","ds":"0","s":"1","t":"1232127778","id":"98"}
				,{"id":"99","m":"","al":"1","a":"a","dl":"1","fcid":"19","dd":"6,2","ad":"6,3,2","s":"1","t":"1232127831","ds":"-1","tcid":"26"}
				,{"id":"100","m":"","al":"0","a":"a","dl":"2","fcid":"19","dd":"3,2","ad":"6,5,1","s":"1","t":"1232127851","ds":"-1","tcid":"26"}
				,{"a":"c","cid":"26","ds":"-1","s":"1","t":"1232127851","id":"101"}
				,{"a":"f","fcid":"26","s":"1","num":"1","t":"1232127866","tcid":"19","id":"102"}
				,{"a":"g","clist":"0","s":"1","id":"103","t":"1232127866"}
				,{"a":"z","s":"2","num":"3","id":"104","t":"1232127866"}
				,{"a":"p","cid":"9","s":"2","num":"3","t":"1232130427","id":"105"}
				,{"id":"106","m":"","al":"1","a":"a","dl":"0","fcid":"9","dd":"6","ad":"5,4,1","s":"2","t":"1232130430","ds":"0","tcid":"10"}
				,{"id":"107","m":"","al":"1","a":"a","dl":"0","fcid":"9","dd":"6","ad":"5,4,2","s":"2","t":"1232130430","ds":"0","tcid":"10"}
				,{"id":"108","m":"","al":"1","a":"a","dl":"0","fcid":"9","dd":"6","ad":"5,4,3","s":"2","t":"1232130430","ds":"0","tcid":"10"}
				,{"id":"109","m":"","al":"0","a":"a","dl":"1","fcid":"9","dd":"1","ad":"5,4,2","s":"2","t":"1232130432","ds":"0","tcid":"10"}
				,{"a":"c","cid":"10","ds":"0","s":"2","t":"1232130432","id":"110"}
				,{"a":"g","clist":"1","s":"2","id":"111","t":"1232130438"}
				,{"a":"z","s":"0","num":"3","id":"112","t":"1232130438"}
				,{"a":"p","cid":"14","s":"0","num":"3","t":"1232130487","id":"113"}
				,{"id":"114","m":"","al":"0","a":"a","dl":"1","fcid":"39","dd":"1","ad":"5,2,2","s":"0","t":"1232130491","ds":"2","tcid":"34"}
				,{"a":"c","cid":"34","ds":"2","s":"0","t":"1232130491","id":"115"}
				,{"a":"f","fcid":"39","s":"0","num":"1","t":"1232130492","tcid":"34","id":"116"}
				,{"a":"g","clist":"2","s":"0","id":"117","t":"1232130500"}
				,{"a":"z","s":"1","num":"4","id":"118","t":"1232130500"}
				,{"a":"p","cid":"12","s":"1","num":"1","t":"1232130843","id":"119"}
				,{"a":"p","cid":"15","s":"1","num":"3","t":"1232130843","id":"120"}
				,{"id":"121","m":"","al":"0","a":"a","dl":"2","fcid":"15","dd":"4,2","ad":"5,5,2","s":"1","t":"1232130851","ds":"0","tcid":"14"}
				,{"id":"122","m":"","al":"1","a":"a","dl":"1","fcid":"15","dd":"6,2","ad":"5,4,2","s":"1","t":"1232130856","ds":"0","tcid":"14"}
				,{"id":"123","m":"","al":"1","a":"a","dl":"0","fcid":"15","dd":"4","ad":"4,2,1","s":"1","t":"1232130860","ds":"0","tcid":"14"}
				,{"id":"124","m":"","al":"0","a":"a","dl":"1","fcid":"15","dd":"4","ad":"5,4,1","s":"1","t":"1232130865","ds":"0","tcid":"14"}
				,{"a":"c","cid":"14","ds":"0","s":"1","t":"1232130865","id":"125"}
				,{"a":"g","clist":"2","s":"1","id":"126","t":"1232130944"}
				,{"a":"z","s":"2","num":"3","id":"127","t":"1232130944"}
				,{"a":"p","cid":"32","s":"2","num":"1","t":"1232131394","id":"128"}
				,{"a":"p","cid":"31","s":"2","num":"2","t":"1232131394","id":"129"}
				,{"id":"130","m":"","al":"1","a":"a","dl":"1","fcid":"31","dd":"5,1","ad":"5,2,1","s":"2","t":"1232131396","ds":"1","tcid":"28"}
				,{"id":"131","m":"","al":"0","a":"a","dl":"1","fcid":"31","dd":"5","ad":"6,5,5","s":"2","t":"1232131398","ds":"1","tcid":"28"}
				,{"a":"c","cid":"28","ds":"1","s":"2","t":"1232131398","id":"132"}
				,{"a":"f","fcid":"31","s":"2","num":"2","t":"1232131399","tcid":"28","id":"133"}
				,{"id":"134","m":"","al":"2","a":"a","dl":"0","fcid":"32","dd":"5,5","ad":"5,2,1","s":"2","t":"1232131402","ds":"1","tcid":"29"}
				,{"id":"135","m":"","al":"2","a":"a","dl":"0","fcid":"32","dd":"5,5","ad":"4,3,2","s":"2","t":"1232131403","ds":"1","tcid":"29"}
				,{"id":"136","m":"","al":"0","a":"a","dl":"2","fcid":"28","dd":"5,3","ad":"6,4,3","s":"2","t":"1232131412","ds":"1","tcid":"29"}
				,{"a":"c","cid":"29","ds":"1","s":"2","t":"1232131412","id":"137"}
				,{"a":"g","clist":"1","s":"2","id":"138","t":"1232131421"}
				,{"a":"z","s":"0","num":"3","id":"139","t":"1232131421"}
				,{"a":"p","cid":"34","s":"0","num":"3","t":"1232132599","id":"140"}
				,{"id":"141","m":"","al":"1","a":"a","dl":"0","fcid":"34","dd":"5","ad":"5,4,3","s":"0","t":"1232132602","ds":"2","tcid":"31"}
				,{"id":"142","m":"","al":"1","a":"a","dl":"0","fcid":"34","dd":"5","ad":"4,3,2","s":"0","t":"1232132604","ds":"2","tcid":"31"}
				,{"id":"143","m":"","al":"1","a":"a","dl":"0","fcid":"34","dd":"5","ad":"5,2,1","s":"0","t":"1232132605","ds":"2","tcid":"31"}
				,{"id":"144","m":"","al":"0","a":"a","dl":"1","fcid":"34","dd":"1","ad":"6,5,2","s":"0","t":"1232132606","ds":"2","tcid":"31"}
				,{"a":"c","cid":"31","ds":"2","s":"0","t":"1232132606","id":"145"}
				,{"id":"146","m":"","al":"1","a":"a","dl":"1","fcid":"6","dd":"5,3","ad":"5,4,1","s":"0","t":"1232132619","ds":"-1","tcid":"3"}
				,{"id":"147","m":"","al":"2","a":"a","dl":"0","fcid":"6","dd":"6,5","ad":"6,5,4","s":"0","t":"1232132622","ds":"-1","tcid":"3"}
				,{"a":"g","clist":"3","s":"0","id":"148","t":"1232132628"}
				,{"a":"z","s":"1","num":"4","id":"149","t":"1232132628"}
				,{"a":"p","cid":"16","s":"1","num":"4","t":"1232133307","id":"150"}
				,{"id":"151","m":"","al":"0","a":"a","dl":"2","fcid":"16","dd":"5,2","ad":"6,4,2","s":"1","t":"1232133314","ds":"-1","tcid":"18"}
				,{"id":"152","m":"","al":"0","a":"a","dl":"1","fcid":"16","dd":"2","ad":"6,6,2","s":"1","t":"1232133316","ds":"-1","tcid":"18"}
				,{"a":"c","cid":"18","ds":"-1","s":"1","t":"1232133316","id":"153"}
				,{"a":"f","fcid":"16","s":"1","num":"2","t":"1232133364","tcid":"18","id":"154"}
				,{"a":"f","fcid":"18","s":"1","num":"3","t":"1232133411","tcid":"26","id":"155"}
				,{"a":"g","clist":"0","s":"1","id":"156","t":"1232133411"}
				,{"a":"z","s":"2","num":"3","id":"157","t":"1232133411"}
				,{"a":"p","cid":"29","s":"2","num":"3","t":"1232133607","id":"158"}
				,{"id":"159","m":"","al":"0","a":"a","dl":"2","fcid":"29","dd":"5,1","ad":"6,3,3","s":"2","t":"1232133610","ds":"1","tcid":"26"}
				,{"id":"160","m":"","al":"0","a":"a","dl":"2","fcid":"29","dd":"3,1","ad":"6,6,3","s":"2","t":"1232133610","ds":"1","tcid":"26"}
				,{"id":"161","m":"","al":"0","a":"a","dl":"1","fcid":"29","dd":"2","ad":"6,5,1","s":"2","t":"1232133610","ds":"1","tcid":"26"}
				,{"a":"c","cid":"26","ds":"1","s":"2","t":"1232133610","id":"162"}
				,{"a":"f","fcid":"29","s":"2","num":"2","t":"1232133611","tcid":"26","id":"163"}
				,{"a":"g","clist":"0","s":"2","id":"164","t":"1232133617"}
				,{"a":"z","s":"0","num":"3","id":"165","t":"1232133617"}
				,{"a":"p","cid":"20","s":"0","num":"3","t":"1232133680","id":"166"}
				,{"id":"167","m":"","al":"1","a":"a","dl":"1","fcid":"20","dd":"5,4","ad":"6,2,1","s":"0","t":"1232133682","ds":"1","tcid":"25"}
				,{"id":"168","m":"","al":"0","a":"a","dl":"1","fcid":"20","dd":"2","ad":"6,6,4","s":"0","t":"1232133684","ds":"1","tcid":"25"}
				,{"a":"c","cid":"25","ds":"1","s":"0","t":"1232133684","id":"169"}
				,{"a":"f","fcid":"25","s":"0","num":"2","t":"1232133701","tcid":"20","id":"170"}
				,{"a":"g","clist":"2","s":"0","id":"171","t":"1232133701"}
				,{"a":"z","s":"1","num":"3","id":"172","t":"1232133701"}
				,{"a":"p","cid":"19","s":"1","num":"3","t":"1232134421","id":"173"}
				,{"id":"174","m":"","al":"0","a":"a","dl":"2","fcid":"19","dd":"5,5","ad":"6,6,5","s":"1","t":"1232134426","ds":"2","tcid":"26"}
				,{"id":"175","m":"","al":"1","a":"a","dl":"1","fcid":"19","dd":"5,3","ad":"5,4,3","s":"1","t":"1232134429","ds":"2","tcid":"26"}
				,{"id":"176","m":"","al":"0","a":"a","dl":"2","fcid":"19","dd":"4,3","ad":"6,5,3","s":"1","t":"1232134431","ds":"2","tcid":"26"}
				,{"a":"c","cid":"26","ds":"2","s":"1","t":"1232134431","id":"177"}
				,{"a":"f","fcid":"26","s":"1","num":"1","t":"1232134448","tcid":"19","id":"178"}
				,{"a":"g","clist":"1","s":"1","id":"179","t":"1232134448"}
				,{"a":"z","s":"2","num":"3","id":"180","t":"1232134449"}
				,{"a":"p","cid":"36","s":"2","num":"3","t":"1232136286","id":"181"}
				,{"id":"182","m":"","al":"2","a":"a","dl":"0","fcid":"36","dd":"6,5","ad":"6,5,3","s":"2","t":"1232136289","ds":"-1","tcid":"37"}
				,{"id":"183","m":"","al":"0","a":"a","dl":"2","fcid":"36","dd":"2,2","ad":"5,5,4","s":"2","t":"1232136289","ds":"-1","tcid":"37"}
				,{"id":"184","m":"","al":"0","a":"a","dl":"1","fcid":"36","dd":"4","ad":"5,1,1","s":"2","t":"1232136289","ds":"-1","tcid":"37"}
				,{"a":"c","cid":"37","ds":"-1","s":"2","t":"1232136289","id":"185"}
				,{"a":"f","fcid":"36","s":"2","num":"1","t":"1232136291","tcid":"37","id":"186"}
				,{"id":"187","m":"","al":"0","a":"a","dl":"2","fcid":"37","dd":"5,3","ad":"6,4,4","s":"2","t":"1232136293","ds":"-1","tcid":"41"}
				,{"id":"188","m":"","al":"1","a":"a","dl":"0","fcid":"37","dd":"6","ad":"5,4,1","s":"2","t":"1232136294","ds":"-1","tcid":"41"}
				,{"id":"189","m":"","al":"1","a":"a","dl":"0","fcid":"37","dd":"4","ad":"4,1","s":"2","t":"1232136296","ds":"-1","tcid":"41"}
				,{"id":"190","m":"","al":"1","a":"a","dl":"0","fcid":"37","dd":"6","ad":"6","s":"2","t":"1232136297","ds":"-1","tcid":"41"}
				,{"a":"g","clist":"2","s":"2","id":"191","t":"1232136301"}
				,{"a":"z","s":"0","num":"4","id":"192","t":"1232136301"}
				,{"a":"p","cid":"20","s":"0","num":"4","t":"1232136431","id":"193"}
				,{"id":"194","m":"","al":"1","a":"a","dl":"1","fcid":"20","dd":"5,5","ad":"6,3,1","s":"0","t":"1232136435","ds":"1","tcid":"16"}
				,{"id":"195","m":"","al":"0","a":"a","dl":"1","fcid":"20","dd":"2","ad":"6,6,4","s":"0","t":"1232136437","ds":"1","tcid":"16"}
				,{"a":"c","cid":"16","ds":"1","s":"0","t":"1232136437","id":"196"}
				,{"a":"g","clist":"2","s":"0","id":"197","t":"1232136445"}
				,{"a":"z","s":"1","num":"3","id":"198","t":"1232136445"}
				,{"a":"p","cid":"19","s":"1","num":"3","t":"1232136734","id":"199"}
				,{"id":"200","m":"","al":"0","a":"a","dl":"2","fcid":"19","dd":"5,2","ad":"6,5,5","s":"1","t":"1232136747","ds":"0","tcid":"16"}
				,{"id":"201","m":"","al":"1","a":"a","dl":"0","fcid":"19","dd":"5","ad":"5,2,1","s":"1","t":"1232136750","ds":"0","tcid":"16"}
				,{"id":"202","m":"","al":"1","a":"a","dl":"0","fcid":"19","dd":"6","ad":"5,4,2","s":"1","t":"1232136752","ds":"0","tcid":"16"}
				,{"id":"203","m":"","al":"1","a":"a","dl":"0","fcid":"19","dd":"6","ad":"4,3","s":"1","t":"1232136760","ds":"0","tcid":"16"}
				,{"id":"204","m":"","al":"1","a":"a","dl":"1","fcid":"11","dd":"6,2","ad":"4,4","s":"1","t":"1232136784","ds":"2","tcid":"10"}
				,{"a":"f","fcid":"14","s":"1","num":"2","t":"1232136806","tcid":"15","id":"205"}
				,{"a":"z","s":"2","num":"3","id":"206","t":"1232136806"}
				,{"a":"u","s":"2","clist":"0,1,2","num":"4","t":"1232140598","id":"207"}
				,{"a":"p","cid":"37","s":"2","num":"7","t":"1232140609","id":"208"}
				,{"id":"209","m":"","al":"0","a":"a","dl":"1","fcid":"37","dd":"3","ad":"6,3,2","s":"2","t":"1232140613","ds":"0","tcid":"38"}
				,{"a":"c","cid":"38","ds":"0","s":"2","t":"1232140613","id":"210"}
				,{"a":"f","fcid":"37","s":"2","num":"4","t":"1232140614","tcid":"38","id":"211"}
				,{"id":"212","m":"","al":"1","a":"a","dl":"0","fcid":"38","dd":"2","ad":"2,2,2","s":"2","t":"1232140617","ds":"0","tcid":"42"}
				,{"id":"213","m":"","al":"1","a":"a","dl":"0","fcid":"38","dd":"6","ad":"5,2,1","s":"2","t":"1232140617","ds":"0","tcid":"42"}
				,{"id":"214","m":"","al":"0","a":"a","dl":"1","fcid":"38","dd":"2","ad":"3,3,2","s":"2","t":"1232140617","ds":"0","tcid":"42"}
				,{"a":"c","cid":"42","ds":"0","s":"2","t":"1232140617","id":"215"}
				,{"a":"f","fcid":"38","s":"2","num":"1","t":"1232140618","tcid":"42","id":"216"}
				,{"id":"217","m":"","al":"1","a":"a","dl":"0","fcid":"42","dd":"6","ad":"4,3,3","s":"2","t":"1232140621","ds":"-1","tcid":"41"}
				,{"id":"218","m":"","al":"0","a":"a","dl":"1","fcid":"42","dd":"4","ad":"5,5","s":"2","t":"1232140625","ds":"-1","tcid":"41"}
				,{"a":"c","cid":"41","ds":"-1","s":"2","t":"1232140625","id":"219"}
				,{"a":"f","fcid":"41","s":"2","num":"1","t":"1232140632","tcid":"37","id":"220"}
				,{"a":"g","clist":"0","s":"2","id":"221","t":"1232140632"}
				,{"a":"z","s":"0","num":"3","id":"222","t":"1232140632"}
				,{"a":"u","s":"0","clist":"2,2,2","num":"6","t":"1232140927","id":"223"}
				,{"a":"p","cid":"31","s":"0","num":"9","t":"1232140935","id":"224"}
				,{"id":"225","m":"","al":"1","a":"a","dl":"1","fcid":"31","dd":"6,4","ad":"6,5,4","s":"0","t":"1232140938","ds":"2","tcid":"32"}
				,{"id":"226","m":"","al":"0","a":"a","dl":"1","fcid":"31","dd":"3","ad":"5,3,2","s":"0","t":"1232140939","ds":"2","tcid":"32"}
				,{"a":"c","cid":"32","ds":"2","s":"0","t":"1232140939","id":"227"}
				,{"a":"f","fcid":"31","s":"0","num":"7","t":"1232140941","tcid":"32","id":"228"}
				,{"id":"229","m":"","al":"1","a":"a","dl":"0","fcid":"32","dd":"5","ad":"4,2,1","s":"0","t":"1232140944","ds":"2","tcid":"36"}
				,{"id":"230","m":"","al":"0","a":"a","dl":"1","fcid":"32","dd":"2","ad":"6,6,5","s":"0","t":"1232140945","ds":"2","tcid":"36"}
				,{"a":"c","cid":"36","ds":"2","s":"0","t":"1232140945","id":"231"}
				,{"a":"f","fcid":"32","s":"0","num":"5","t":"1232140947","tcid":"36","id":"232"}
				,{"id":"233","m":"","al":"2","a":"a","dl":"0","fcid":"36","dd":"6,4","ad":"4,4,3","s":"0","t":"1232140949","ds":"2","tcid":"37"}
				,{"id":"234","m":"","al":"0","a":"a","dl":"2","fcid":"36","dd":"4,3","ad":"5,4,3","s":"0","t":"1232140950","ds":"2","tcid":"37"}
				,{"a":"c","cid":"37","ds":"2","s":"0","t":"1232140950","id":"235"}
				,{"a":"f","fcid":"36","s":"0","num":"2","t":"1232140952","tcid":"37","id":"236"}
				,{"id":"237","m":"","al":"0","a":"a","dl":"1","fcid":"37","dd":"2","ad":"6,4,3","s":"0","t":"1232140954","ds":"2","tcid":"38"}
				,{"a":"c","cid":"38","ds":"2","s":"0","t":"1232140954","id":"238"}
				,{"a":"f","fcid":"37","s":"0","num":"1","t":"1232140956","tcid":"38","id":"239"}
				,{"id":"240","m":"","al":"0","a":"a","dl":"1","fcid":"38","dd":"1","ad":"5,4,1","s":"0","t":"1232140959","ds":"2","tcid":"42"}
				,{"a":"c","cid":"42","ds":"2","s":"0","t":"1232140959","id":"241"}
				,{"id":"242","m":"","al":"1","a":"a","dl":"0","fcid":"42","dd":"4","ad":"2,1","s":"0","t":"1232140963","ds":"2","tcid":"41"}
				,{"id":"243","m":"","al":"1","a":"a","dl":"0","fcid":"42","dd":"1","ad":"1","s":"0","t":"1232140965","ds":"2","tcid":"41"}
				,{"a":"g","clist":"3","s":"0","id":"244","t":"1232140975"}
				,{"a":"z","s":"1","num":"3","id":"245","t":"1232140975"}
				,{"a":"p","cid":"11","s":"1","num":"2","t":"1232141288","id":"246"}
				,{"a":"p","cid":"15","s":"1","num":"1","t":"1232141288","id":"247"}
				,{"id":"248","m":"","al":"0","a":"a","dl":"1","fcid":"15","dd":"2","ad":"4,3,2","s":"1","t":"1232141296","ds":"0","tcid":"16"}
				,{"a":"c","cid":"16","ds":"0","s":"1","t":"1232141296","id":"249"}
				,{"id":"250","m":"","al":"2","a":"a","dl":"0","fcid":"11","dd":"5,3","ad":"3,1,1","s":"1","t":"1232141308","ds":"2","tcid":"10"}
				,{"a":"f","fcid":"11","s":"1","num":"1","t":"1232141364","tcid":"12","id":"251"}
				,{"a":"g","clist":"1","s":"1","id":"252","t":"1232141364"}
				,{"a":"z","s":"2","num":"3","id":"253","t":"1232141364"}
				,{"a":"p","cid":"5","s":"2","num":"3","t":"1232141586","id":"254"}
				,{"id":"255","m":"","al":"2","a":"a","dl":"0","fcid":"5","dd":"6,3","ad":"3,2,2","s":"2","t":"1232141589","ds":"-1","tcid":"3"}
				,{"id":"256","m":"","al":"0","a":"a","dl":"2","fcid":"5","dd":"3,2","ad":"6,4,1","s":"2","t":"1232141591","ds":"-1","tcid":"3"}
				,{"a":"c","cid":"3","ds":"-1","s":"2","t":"1232141591","id":"257"}
				,{"a":"f","fcid":"5","s":"2","num":"1","t":"1232141592","tcid":"3","id":"258"}
				,{"id":"259","m":"","al":"0","a":"a","dl":"1","fcid":"3","dd":"3","ad":"4,2,2","s":"2","t":"1232141596","ds":"1","tcid":"14"}
				,{"a":"c","cid":"14","ds":"1","s":"2","t":"1232141596","id":"260"}
				,{"id":"261","m":"","al":"0","a":"a","dl":"1","fcid":"14","dd":"1","ad":"5,4","s":"2","t":"1232141599","ds":"1","tcid":"15"}
				,{"a":"c","cid":"15","ds":"1","s":"2","t":"1232141599","id":"262"}
				,{"id":"263","m":"","al":"1","a":"a","dl":"0","fcid":"15","dd":"6","ad":"1","s":"2","t":"1232141602","ds":"1","tcid":"17"}
				,{"id":"264","m":"","al":"1","a":"a","dl":"1","fcid":"7","dd":"6,3","ad":"5,5,2","s":"2","t":"1232141607","ds":"-1","tcid":"8"}
				,{"id":"265","m":"","al":"1","a":"a","dl":"1","fcid":"7","dd":"6,4","ad":"6,6","s":"2","t":"1232141608","ds":"-1","tcid":"8"}
				,{"a":"g","clist":"1","s":"2","id":"266","t":"1232141615"}
				,{"a":"z","s":"0","num":"5","id":"267","t":"1232141615"}
				,{"a":"p","cid":"20","s":"0","num":"2","t":"1232141654","id":"268"}
				,{"a":"p","cid":"37","s":"0","num":"3","t":"1232141654","id":"269"}
				,{"id":"270","m":"","al":"0","a":"a","dl":"1","fcid":"37","dd":"3","ad":"4,3,2","s":"0","t":"1232141661","ds":"2","tcid":"41"}
				,{"a":"c","cid":"41","ds":"2","s":"0","t":"1232141661","id":"271"}
				,{"a":"f","fcid":"41","s":"0","num":"2","t":"1232141670","tcid":"37","id":"272"}
				,{"a":"g","clist":"2","s":"0","id":"273","t":"1232141670"}
				,{"a":"z","s":"1","num":"3","id":"274","t":"1232141670"}
				,{"a":"u","s":"1","clist":"0,1,2","num":"8","t":"1232142453","id":"275"}
				,{"a":"p","cid":"16","s":"1","num":"9","t":"1232142634","id":"276"}
				,{"a":"p","cid":"12","s":"1","num":"2","t":"1232142634","id":"277"}
				,{"id":"278","m":"","al":"0","a":"a","dl":"2","fcid":"12","dd":"5,4","ad":"6,6,1","s":"1","t":"1232142640","ds":"2","tcid":"10"}
				,{"a":"c","cid":"10","ds":"2","s":"1","t":"1232142640","id":"279"}
				,{"id":"280","m":"","al":"0","a":"a","dl":"1","fcid":"16","dd":"3","ad":"5,3,1","s":"1","t":"1232142699","ds":"2","tcid":"15"}
				,{"a":"c","cid":"15","ds":"2","s":"1","t":"1232142699","id":"281"}
				,{"a":"f","fcid":"16","s":"1","num":"1","t":"1232142726","tcid":"15","id":"282"}
				,{"id":"283","m":"","al":"0","a":"a","dl":"1","fcid":"15","dd":"2","ad":"4,3,2","s":"1","t":"1232142731","ds":"2","tcid":"14"}
				,{"a":"c","cid":"14","ds":"2","s":"1","t":"1232142731","id":"284"}
				,{"id":"285","m":"","al":"1","a":"a","dl":"1","fcid":"16","dd":"4,3","ad":"5,1,1","s":"1","t":"1232142743","ds":"0","tcid":"20"}
				,{"id":"286","m":"","al":"2","a":"a","dl":"0","fcid":"16","dd":"6,4","ad":"4,4,1","s":"1","t":"1232142746","ds":"0","tcid":"20"}
				,{"id":"287","m":"","al":"1","a":"a","dl":"1","fcid":"16","dd":"6,1","ad":"6,3,2","s":"1","t":"1232142749","ds":"0","tcid":"20"}
				,{"a":"f","fcid":"16","s":"1","num":"1","t":"1232142784","tcid":"19","id":"288"}
				,{"a":"g","clist":"0","s":"1","id":"289","t":"1232142784"}
				,{"a":"z","s":"2","num":"3","id":"290","t":"1232142784"}
				,{"a":"p","cid":"3","s":"2","num":"3","t":"1232142864","id":"291"}
				,{"id":"292","m":"","al":"2","a":"a","dl":"0","fcid":"3","dd":"5,5","ad":"5,2,1","s":"2","t":"1232142869","ds":"1","tcid":"14"}
				,{"id":"293","m":"","al":"1","a":"a","dl":"0","fcid":"3","dd":"5,1","ad":"4","s":"2","t":"1232142870","ds":"1","tcid":"14"}
				,{"a":"z","s":"0","num":"7","id":"294","t":"1232142873"}
				,{"a":"u","s":"0","clist":"2,2,3","num":"10","t":"1232143868","id":"295"}
				,{"a":"p","cid":"27","s":"0","num":"10","t":"1232143943","id":"296"}
				,{"a":"p","cid":"6","s":"0","num":"7","t":"1232143943","id":"297"}
				,{"id":"298","m":"","al":"0","a":"a","dl":"2","fcid":"27","dd":"3,2","ad":"5,4,3","s":"0","t":"1232143947","ds":"1","tcid":"26"}
				,{"a":"c","cid":"26","ds":"1","s":"0","t":"1232143947","id":"299"}
				,{"a":"f","fcid":"27","s":"0","num":"7","t":"1232143948","tcid":"26","id":"300"}
				,{"id":"301","m":"","al":"1","a":"a","dl":"1","fcid":"26","dd":"4,3","ad":"5,2,2","s":"0","t":"1232143951","ds":"2","tcid":"28"}
				,{"id":"302","m":"","al":"0","a":"a","dl":"1","fcid":"26","dd":"4","ad":"5,5,5","s":"0","t":"1232143951","ds":"2","tcid":"28"}
				,{"a":"c","cid":"28","ds":"2","s":"0","t":"1232143951","id":"303"}
				,{"a":"f","fcid":"26","s":"0","num":"5","t":"1232143953","tcid":"28","id":"304"}
				,{"id":"305","m":"","al":"1","a":"a","dl":"0","fcid":"28","dd":"6","ad":"3,3,1","s":"0","t":"1232143955","ds":"2","tcid":"29"}
				,{"id":"306","m":"","al":"0","a":"a","dl":"1","fcid":"28","dd":"1","ad":"4,3,2","s":"0","t":"1232143955","ds":"2","tcid":"29"}
				,{"a":"c","cid":"29","ds":"2","s":"0","t":"1232143955","id":"307"}
				,{"a":"f","fcid":"28","s":"0","num":"3","t":"1232143960","tcid":"29","id":"308"}
				,{"id":"309","m":"","al":"0","a":"a","dl":"1","fcid":"6","dd":"5","ad":"6,5,3","s":"0","t":"1232143963","ds":"2","tcid":"3"}
				,{"a":"c","cid":"3","ds":"2","s":"0","t":"1232143963","id":"310"}
				,{"a":"f","fcid":"6","s":"0","num":"6","t":"1232143964","tcid":"3","id":"311"}
				,{"id":"312","m":"","al":"0","a":"a","dl":"1","fcid":"3","dd":"3","ad":"5,4,3","s":"0","t":"1232143967","ds":"2","tcid":"5"}
				,{"a":"c","cid":"5","ds":"2","s":"0","t":"1232143967","id":"313"}
				,{"a":"f","fcid":"3","s":"0","num":"5","t":"1232143968","tcid":"5","id":"314"}
				,{"id":"315","m":"","al":"1","a":"a","dl":"1","fcid":"5","dd":"5,1","ad":"5,3,3","s":"0","t":"1232143972","ds":"2","tcid":"7"}
				,{"id":"316","m":"","al":"0","a":"a","dl":"1","fcid":"5","dd":"3","ad":"5,4,4","s":"0","t":"1232143972","ds":"2","tcid":"7"}
				,{"a":"c","cid":"7","ds":"2","s":"0","t":"1232143972","id":"317"}
				,{"a":"f","fcid":"5","s":"0","num":"3","t":"1232143974","tcid":"7","id":"318"}
				,{"id":"319","m":"","al":"0","a":"a","dl":"1","fcid":"7","dd":"2","ad":"6,6,5","s":"0","t":"1232143977","ds":"2","tcid":"9"}
				,{"a":"c","cid":"9","ds":"2","s":"0","t":"1232143977","id":"320"}
				,{"a":"e","s":"0","id":"321","es":"2","t":"1232143977"}
				,{"a":"h","s":"0","ds":"2","clist":"0,1,1","num":"3","t":"1232143977","id":"322"}
				,{"a":"f","fcid":"7","s":"0","num":"2","t":"1232143987","tcid":"9","id":"323"}
				,{"id":"324","m":"","al":"2","a":"a","dl":"0","fcid":"9","dd":"6,5","ad":"5,4,4","s":"0","t":"1232143991","ds":"1","tcid":"10"}
				,{"id":"325","m":"","al":"0","a":"a","dl":"2","fcid":"20","dd":"3,2","ad":"4,3,2","s":"0","t":"1232143995","ds":"1","tcid":"12"}
				,{"a":"c","cid":"12","ds":"1","s":"0","t":"1232143995","id":"326"}
				,{"id":"327","m":"","al":"0","a":"a","dl":"2","fcid":"29","dd":"3,1","ad":"6,4,4","s":"0","t":"1232143999","ds":"1","tcid":"30"}
				,{"a":"c","cid":"30","ds":"1","s":"0","t":"1232143999","id":"328"}
				,{"a":"f","fcid":"29","s":"0","num":"2","t":"1232144003","tcid":"30","id":"329"}
				,{"a":"f","fcid":"30","s":"0","num":"4","t":"1232144008","tcid":"27","id":"330"}
				,{"a":"g","clist":"0","s":"0","id":"331","t":"1232144008"}
				,{"a":"z","s":"1","num":"3","id":"332","t":"1232144008"}
				,{"a":"p","cid":"10","s":"1","num":"3","t":"1232145991","id":"333"}
				,{"id":"334","m":"","al":"1","a":"a","dl":"1","fcid":"10","dd":"2,1","ad":"6,1,1","s":"1","t":"1232145998","ds":"0","tcid":"12"}
				,{"id":"335","m":"","al":"0","a":"a","dl":"2","fcid":"10","dd":"4,3","ad":"6,5,2","s":"1","t":"1232146000","ds":"0","tcid":"12"}
				,{"a":"c","cid":"12","ds":"0","s":"1","t":"1232146000","id":"336"}
				,{"a":"g","clist":"1","s":"1","id":"337","t":"1232146025"}
				,{"a":"z","s":"0","num":"10","id":"338","t":"1232146025"}
				,{"a":"u","s":"0","clist":"0,1,3","num":"4","t":"1232149738","id":"339"}
				,{"a":"p","cid":"3","s":"0","num":"14","t":"1232149761","id":"340"}
				,{"id":"341","m":"","al":"0","a":"a","dl":"2","fcid":"3","dd":"5,3","ad":"6,5,1","s":"0","t":"1232149765","ds":"1","tcid":"2"}
				,{"a":"c","cid":"2","ds":"1","s":"0","t":"1232149765","id":"342"}
				,{"id":"343","m":"","al":"0","a":"a","dl":"2","fcid":"3","dd":"2,1","ad":"4,3,1","s":"0","t":"1232149770","ds":"1","tcid":"14"}
				,{"id":"344","m":"","al":"0","a":"a","dl":"1","fcid":"3","dd":"3","ad":"5,1,1","s":"0","t":"1232149770","ds":"1","tcid":"14"}
				,{"a":"c","cid":"14","ds":"1","s":"0","t":"1232149770","id":"345"}
				,{"a":"f","fcid":"3","s":"0","num":"8","t":"1232149771","tcid":"14","id":"346"}
				,{"id":"347","m":"","al":"0","a":"a","dl":"1","fcid":"14","dd":"5","ad":"6,2,1","s":"0","t":"1232149775","ds":"1","tcid":"17"}
				,{"a":"c","cid":"17","ds":"1","s":"0","t":"1232149775","id":"348"}
				,{"a":"f","fcid":"14","s":"0","num":"7","t":"1232149776","tcid":"17","id":"349"}
				,{"id":"350","m":"","al":"0","a":"a","dl":"1","fcid":"17","dd":"1","ad":"5,4,4","s":"0","t":"1232149782","ds":"1","tcid":"15"}
				,{"a":"c","cid":"15","ds":"1","s":"0","t":"1232149782","id":"351"}
				,{"a":"f","fcid":"17","s":"0","num":"6","t":"1232149784","tcid":"15","id":"352"}
				,{"id":"353","m":"","al":"1","a":"a","dl":"1","fcid":"15","dd":"6,1","ad":"5,5,3","s":"0","t":"1232149787","ds":"1","tcid":"18"}
				,{"id":"354","m":"","al":"1","a":"a","dl":"0","fcid":"15","dd":"3","ad":"3,2,1","s":"0","t":"1232149787","ds":"1","tcid":"18"}
				,{"id":"355","m":"","al":"0","a":"a","dl":"1","fcid":"15","dd":"3","ad":"4,3,3","s":"0","t":"1232149787","ds":"1","tcid":"18"}
				,{"a":"c","cid":"18","ds":"1","s":"0","t":"1232149787","id":"356"}
				,{"a":"f","fcid":"15","s":"0","num":"3","t":"1232149790","tcid":"18","id":"357"}
				,{"id":"358","m":"","al":"2","a":"a","dl":"0","fcid":"27","dd":"4,4","ad":"3,3,1","s":"0","t":"1232149793","ds":"1","tcid":"19"}
				,{"id":"359","m":"","al":"0","a":"a","dl":"2","fcid":"18","dd":"2,1","ad":"6,5,4","s":"0","t":"1232149799","ds":"1","tcid":"16"}
				,{"id":"360","m":"","al":"0","a":"a","dl":"1","fcid":"18","dd":"3","ad":"5,2,1","s":"0","t":"1232149799","ds":"1","tcid":"16"}
				,{"a":"c","cid":"16","ds":"1","s":"0","t":"1232149799","id":"361"}
				,{"a":"f","fcid":"18","s":"0","num":"2","t":"1232149800","tcid":"16","id":"362"}
				,{"id":"363","m":"","al":"0","a":"a","dl":"2","fcid":"16","dd":"2,2","ad":"5,5,1","s":"0","t":"1232149803","ds":"1","tcid":"19"}
				,{"id":"364","m":"","al":"1","a":"a","dl":"0","fcid":"16","dd":"5","ad":"4,2,1","s":"0","t":"1232149805","ds":"1","tcid":"19"}
				,{"id":"365","m":"","al":"0","a":"a","dl":"1","fcid":"16","dd":"2","ad":"5,4,2","s":"0","t":"1232149807","ds":"1","tcid":"19"}
				,{"a":"c","cid":"19","ds":"1","s":"0","t":"1232149807","id":"366"}
				,{"a":"f","fcid":"19","s":"0","num":"2","t":"1232149817","tcid":"20","id":"367"}
				,{"a":"g","clist":"1","s":"0","id":"368","t":"1232149817"}
				,{"a":"z","s":"1","num":"5","id":"369","t":"1232149817"}
				,{"a":"p","cid":"10","s":"1","num":"5","t":"1232150275","id":"370"}
				,{"id":"371","m":"","al":"0","a":"a","dl":"2","fcid":"10","dd":"2,1","ad":"6,4,1","s":"1","t":"1232150291","ds":"0","tcid":"9"}
				,{"id":"372","m":"","al":"1","a":"a","dl":"0","fcid":"10","dd":"5","ad":"5,2,1","s":"1","t":"1232150291","ds":"0","tcid":"9"}
				,{"id":"373","m":"","al":"0","a":"a","dl":"1","fcid":"10","dd":"1","ad":"6,6,3","s":"1","t":"1232150291","ds":"0","tcid":"9"}
				,{"a":"c","cid":"9","ds":"0","s":"1","t":"1232150291","id":"374"}
				,{"a":"f","fcid":"10","s":"1","num":"2","t":"1232150298","tcid":"9","id":"375"}
				,{"id":"376","m":"","al":"0","a":"a","dl":"1","fcid":"9","dd":"3","ad":"4,3,2","s":"1","t":"1232150313","ds":"0","tcid":"7"}
				,{"a":"c","cid":"7","ds":"0","s":"1","t":"1232150313","id":"377"}
				,{"a":"f","fcid":"9","s":"1","num":"1","t":"1232150318","tcid":"7","id":"378"}
				,{"id":"379","m":"","al":"0","a":"a","dl":"1","fcid":"7","dd":"4","ad":"6,3,1","s":"1","t":"1232150332","ds":"0","tcid":"5"}
				,{"a":"c","cid":"5","ds":"0","s":"1","t":"1232150332","id":"380"}
				,{"a":"g","clist":"2","s":"1","id":"381","t":"1232150338"}
				,{"a":"z","s":"0","num":"16","id":"382","t":"1232150338"}
				,{"a":"p","cid":"20","s":"0","num":"16","t":"1232150368","id":"383"}
				,{"id":"384","m":"","al":"0","a":"a","dl":"2","fcid":"20","dd":"2,1","ad":"5,3,1","s":"0","t":"1232150372","ds":"1","tcid":"12"}
				,{"id":"385","m":"","al":"0","a":"a","dl":"1","fcid":"20","dd":"4","ad":"6,2,1","s":"0","t":"1232150372","ds":"1","tcid":"12"}
				,{"a":"c","cid":"12","ds":"1","s":"0","t":"1232150372","id":"386"}
				,{"a":"f","fcid":"20","s":"0","num":"15","t":"1232150373","tcid":"12","id":"387"}
				,{"id":"388","m":"","al":"2","a":"a","dl":"0","fcid":"12","dd":"5,2","ad":"2,2,1","s":"0","t":"1232150377","ds":"1","tcid":"13"}
				,{"id":"389","m":"","al":"1","a":"a","dl":"1","fcid":"12","dd":"5,3","ad":"5,4,2","s":"0","t":"1232150377","ds":"1","tcid":"13"}
				,{"id":"390","m":"","al":"1","a":"a","dl":"0","fcid":"12","dd":"3","ad":"3,2,1","s":"0","t":"1232150377","ds":"1","tcid":"13"}
				,{"id":"391","m":"","al":"0","a":"a","dl":"1","fcid":"12","dd":"1","ad":"6,4,2","s":"0","t":"1232150377","ds":"1","tcid":"13"}
				,{"a":"c","cid":"13","ds":"1","s":"0","t":"1232150377","id":"392"}
				,{"a":"f","fcid":"12","s":"0","num":"10","t":"1232150379","tcid":"13","id":"393"}
				,{"id":"394","m":"","al":"0","a":"a","dl":"1","fcid":"13","dd":"3","ad":"5,2,1","s":"0","t":"1232150383","ds":"1","tcid":"11"}
				,{"a":"c","cid":"11","ds":"1","s":"0","t":"1232150383","id":"395"}
				,{"a":"f","fcid":"13","s":"0","num":"9","t":"1232150384","tcid":"11","id":"396"}
				,{"id":"397","m":"","al":"1","a":"a","dl":"0","fcid":"11","dd":"5","ad":"5,2,1","s":"0","t":"1232150388","ds":"1","tcid":"10"}
				,{"id":"398","m":"","al":"1","a":"a","dl":"0","fcid":"11","dd":"2","ad":"2,1,1","s":"0","t":"1232150388","ds":"1","tcid":"10"}
				,{"id":"399","m":"","al":"0","a":"a","dl":"1","fcid":"11","dd":"4","ad":"5,3,1","s":"0","t":"1232150388","ds":"1","tcid":"10"}
				,{"a":"c","cid":"10","ds":"1","s":"0","t":"1232150388","id":"400"}
				,{"a":"f","fcid":"11","s":"0","num":"6","t":"1232150390","tcid":"10","id":"401"}
				,{"id":"402","m":"","al":"1","a":"a","dl":"0","fcid":"10","dd":"6","ad":"4,4,2","s":"0","t":"1232150393","ds":"1","tcid":"9"}
				,{"id":"403","m":"","al":"0","a":"a","dl":"1","fcid":"10","dd":"4","ad":"6,6,3","s":"0","t":"1232150393","ds":"1","tcid":"9"}
				,{"a":"c","cid":"9","ds":"1","s":"0","t":"1232150393","id":"404"}
				,{"a":"f","fcid":"10","s":"0","num":"4","t":"1232150394","tcid":"9","id":"405"}
				,{"id":"406","m":"","al":"1","a":"a","dl":"0","fcid":"9","dd":"3","ad":"3,2,1","s":"0","t":"1232150397","ds":"1","tcid":"7"}
				,{"id":"407","m":"","al":"1","a":"a","dl":"0","fcid":"9","dd":"6","ad":"5,2,2","s":"0","t":"1232150397","ds":"1","tcid":"7"}
				,{"id":"408","m":"","al":"1","a":"a","dl":"0","fcid":"9","dd":"6","ad":"5,5,1","s":"0","t":"1232150397","ds":"1","tcid":"7"}
				,{"id":"409","m":"","al":"0","a":"a","dl":"1","fcid":"9","dd":"5","ad":"6,5,3","s":"0","t":"1232150399","ds":"1","tcid":"7"}
				,{"a":"c","cid":"7","ds":"1","s":"0","t":"1232150399","id":"410"}
				,{"id":"411","m":"","al":"2","a":"a","dl":"0","fcid":"7","dd":"4,4","ad":"4,3","s":"0","t":"1232150403","ds":"1","tcid":"5"}
				,{"id":"412","m":"","al":"2","a":"a","dl":"0","fcid":"2","dd":"6,2","ad":"3,1","s":"0","t":"1232150407","ds":"1","tcid":"5"}
				,{"a":"f","fcid":"27","s":"0","num":"2","t":"1232150414","tcid":"19","id":"413"}
				,{"a":"g","clist":"0","s":"0","id":"414","t":"1232150414"}
				,{"a":"z","s":"1","num":"3","id":"415","t":"1232150414"}
				,{"a":"u","s":"1","clist":"0,1,2","num":"6","t":"1232150657","id":"416"}
				,{"a":"p","cid":"5","s":"1","num":"9","t":"1232150675","id":"417"}
				,{"id":"418","m":"","al":"1","a":"a","dl":"0","fcid":"5","dd":"6","ad":"5,3,1","s":"1","t":"1232150694","ds":"0","tcid":"3"}
				,{"id":"419","m":"","al":"0","a":"a","dl":"1","fcid":"5","dd":"1","ad":"6,6,3","s":"1","t":"1232150696","ds":"0","tcid":"3"}
				,{"a":"c","cid":"3","ds":"0","s":"1","t":"1232150696","id":"420"}
				,{"a":"f","fcid":"5","s":"1","num":"7","t":"1232150705","tcid":"3","id":"421"}
				,{"id":"422","m":"","al":"1","a":"a","dl":"0","fcid":"3","dd":"3","ad":"3,3,1","s":"1","t":"1232150713","ds":"0","tcid":"14"}
				,{"id":"423","m":"","al":"0","a":"a","dl":"1","fcid":"3","dd":"2","ad":"5,5,1","s":"1","t":"1232150718","ds":"0","tcid":"14"}
				,{"a":"c","cid":"14","ds":"0","s":"1","t":"1232150718","id":"424"}
				,{"a":"f","fcid":"3","s":"1","num":"5","t":"1232150738","tcid":"14","id":"425"}
				,{"id":"426","m":"","al":"0","a":"a","dl":"1","fcid":"14","dd":"4","ad":"5,5,5","s":"1","t":"1232150748","ds":"0","tcid":"17"}
				,{"a":"c","cid":"17","ds":"0","s":"1","t":"1232150748","id":"427"}
				,{"a":"f","fcid":"14","s":"1","num":"3","t":"1232150759","tcid":"17","id":"428"}
				,{"id":"429","m":"","al":"1","a":"a","dl":"0","fcid":"17","dd":"6","ad":"6,3,2","s":"1","t":"1232150773","ds":"0","tcid":"18"}
				,{"id":"430","m":"","al":"1","a":"a","dl":"0","fcid":"17","dd":"4","ad":"4,3,1","s":"1","t":"1232150778","ds":"0","tcid":"18"}
				,{"id":"431","m":"","al":"1","a":"a","dl":"0","fcid":"17","dd":"6","ad":"6,6,2","s":"1","t":"1232150779","ds":"0","tcid":"18"}
				,{"id":"432","m":"","al":"0","a":"a","dl":"1","fcid":"17","dd":"4","ad":"6,3","s":"1","t":"1232150782","ds":"0","tcid":"18"}
				,{"a":"c","cid":"18","ds":"0","s":"1","t":"1232150782","id":"433"}
				,{"a":"g","clist":"1","s":"1","id":"434","t":"1232150789"}
				,{"a":"z","s":"0","num":"14","id":"435","t":"1232150789"}
				,{"a":"p","cid":"19","s":"0","num":"14","t":"1232157773","id":"436"}
				,{"id":"437","m":"","al":"0","a":"a","dl":"2","fcid":"19","dd":"5,1","ad":"6,4,2","s":"0","t":"1232157778","ds":"1","tcid":"18"}
				,{"a":"c","cid":"18","ds":"1","s":"0","t":"1232157778","id":"438"}
				,{"a":"f","fcid":"19","s":"0","num":"13","t":"1232157780","tcid":"18","id":"439"}
				,{"id":"440","m":"","al":"1","a":"a","dl":"0","fcid":"18","dd":"4","ad":"3,2,1","s":"0","t":"1232157785","ds":"1","tcid":"17"}
				,{"id":"441","m":"","al":"0","a":"a","dl":"1","fcid":"18","dd":"3","ad":"6,1,1","s":"0","t":"1232157785","ds":"1","tcid":"17"}
				,{"a":"c","cid":"17","ds":"1","s":"0","t":"1232157785","id":"442"}
				,{"a":"f","fcid":"18","s":"0","num":"11","t":"1232157787","tcid":"17","id":"443"}
				,{"id":"444","m":"","al":"1","a":"a","dl":"1","fcid":"17","dd":"6,1","ad":"6,4,1","s":"0","t":"1232157791","ds":"1","tcid":"14"}
				,{"id":"445","m":"","al":"0","a":"a","dl":"1","fcid":"17","dd":"1","ad":"6,5,5","s":"0","t":"1232157791","ds":"1","tcid":"14"}
				,{"a":"c","cid":"14","ds":"1","s":"0","t":"1232157791","id":"446"}
				,{"a":"f","fcid":"17","s":"0","num":"9","t":"1232157793","tcid":"14","id":"447"}
				,{"id":"448","m":"","al":"0","a":"a","dl":"1","fcid":"14","dd":"2","ad":"6,6,2","s":"0","t":"1232157798","ds":"1","tcid":"3"}
				,{"a":"c","cid":"3","ds":"1","s":"0","t":"1232157798","id":"449"}
				,{"a":"f","fcid":"14","s":"0","num":"8","t":"1232157801","tcid":"3","id":"450"}
				,{"id":"451","m":"","al":"0","a":"a","dl":"1","fcid":"3","dd":"1","ad":"5,2,1","s":"0","t":"1232157806","ds":"1","tcid":"5"}
				,{"a":"c","cid":"5","ds":"1","s":"0","t":"1232157806","id":"452"}
				,{"a":"e","s":"0","id":"453","es":"1","t":"1232157806"}
				,{"a":"h","s":"0","ds":"1","clist":"0,1,1","num":"3","t":"1232157806","id":"454"}
				,{"a":"w","s":"0","id":"455","t":"1232157806"}
				]
			}
		,"numreturned":"456"
		}
	}
}