{"stat":"ok"
,"_content":{"cards":{"cardsetstraded":"6"
		,"nextcardsworth":"8,10,4,6,8,10,4,6,8,10,4,6,8,10,4,6,8,10,4,6,8,10,4,6,8"
		,"numdiscard":"18"
		,"worth":"8"
		,"_content":{"player":[{"num":"0","id":"2"}
				,{"num":"7","id":"0"}
				,{"num":"0","id":"1"}
				]
			}
		}
	,"players":{"_content":{"player":[{"name":"Devastator","colorid":"4","isturn":"0","active":"1","teamid":"-1","units":"0","profileid":"kyle20070103142702","id":"0"}
				,{"name":"The Curmudgeon","colorid":"14","isturn":"0","active":"0","teamid":"-1","units":"0","profileid":"meek20090116155106","id":"1"}
				,{"name":"Conqueror","colorid":"9","isturn":"0","active":"0","teamid":"-1","units":"0","profileid":"rnsm20081127204439","id":"2"}
				]
			}
		}
	,"board":{"_content":{"area":[{"playerid":"-1","units":"3","id":"1"}
				,{"playerid":"0","units":"1","id":"2"}
				,{"playerid":"0","units":"8","id":"3"}
				,{"playerid":"-1","units":"3","id":"4"}
				,{"playerid":"0","units":"3","id":"5"}
				,{"playerid":"0","units":"1","id":"6"}
				,{"playerid":"0","units":"1","id":"7"}
				,{"playerid":"-1","units":"1","id":"8"}
				,{"playerid":"0","units":"1","id":"9"}
				,{"playerid":"0","units":"1","id":"10"}
				,{"playerid":"0","units":"1","id":"11"}
				,{"playerid":"0","units":"1","id":"12"}
				,{"playerid":"0","units":"1","id":"13"}
				,{"playerid":"0","units":"1","id":"14"}
				,{"playerid":"0","units":"1","id":"15"}
				,{"playerid":"0","units":"1","id":"16"}
				,{"playerid":"0","units":"1","id":"17"}
				,{"playerid":"0","units":"1","id":"18"}
				,{"playerid":"0","units":"1","id":"19"}
				,{"playerid":"0","units":"1","id":"20"}
				,{"playerid":"0","units":"1","id":"21"}
				,{"playerid":"0","units":"1","id":"22"}
				,{"playerid":"-1","units":"3","id":"23"}
				,{"playerid":"-1","units":"3","id":"24"}
				,{"playerid":"0","units":"1","id":"25"}
				,{"playerid":"0","units":"1","id":"26"}
				,{"playerid":"0","units":"1","id":"27"}
				,{"playerid":"0","units":"1","id":"28"}
				,{"playerid":"0","units":"1","id":"29"}
				,{"playerid":"0","units":"1","id":"30"}
				,{"playerid":"0","units":"1","id":"31"}
				,{"playerid":"0","units":"1","id":"32"}
				,{"playerid":"-1","units":"3","id":"33"}
				,{"playerid":"0","units":"1","id":"34"}
				,{"playerid":"-1","units":"3","id":"35"}
				,{"playerid":"0","units":"1","id":"36"}
				,{"playerid":"0","units":"3","id":"37"}
				,{"playerid":"0","units":"1","id":"38"}
				,{"playerid":"0","units":"1","id":"39"}
				,{"playerid":"0","units":"1","id":"40"}
				,{"playerid":"0","units":"1","id":"41"}
				,{"playerid":"0","units":"1","id":"42"}
				]
			}
		}
	}
}